**尘,50 RMB
*聪,20 RMB
*杰,12 RMB
*凉,1 RMB
l*g,50 RMB
**萍,2 RMB
*人,6.66 RMB
*牍,10 RMB
H*a,5 RMB
**轩,3 RMB
A*),2 RMB
*本,50 RMB
**汉,100 RMB
**京,1.11 RMB
*滚,50 RMB
*幻,22 RMB
*舒,10 RMB
*鹏,20 RMB
*健,66 RMB
**泽,6.66 RMB
**伟,50 RMB
*杰,10 RMB
**鹏,5 RMB
**宇,98 RMB
*超,6.6 RMB
**栋,6.66 RMB
*博,66 RMB
**明,10 RMB
**正,5 RMB
**辉,10 RMB
**铭,6.66 RMB
**金,66 RMB
**杰,10 RMB
**毅,20 RMB
***锐,6.66 RMB
**聪,100 RMB
**宇,39 RMB
**炫,10 RMB
**陈,10 RMB
**旻,6.66 RMB
**辉,50 RMB
*尚,6 RMB
**标,4.99 RMB
**天,15 RMB
**峰,19 RMB
**一,5 RMB
**胤,10 RMB
**滨,13 RMB
**亮,10 RMB
**强,2.94 RMB
*雄,50 RMB
**彬,20 RMB
**涵,6.66 RMB
**文,20 RMB
**杰,50 RMB
**盼,4 RMB
**祥,2.33 RMB
*扬,10 RMB
**阳,6.66 RMB
**鹏,2 RMB
**宇,5 RMB
**祥,50 RMB
**星,77 RMB
**乐,8.88 RMB
**印,6.6 RMB
**哲,5 RMB
*伟,6.66 RMB
**明,6.66 RMB
**扬,1 RMB
**荃,77 RMB
*波,118 RMB
**璐,6 RMB
**华,30 RMB
**兴,5 RMB
**亮,6.66 RMB
**硕,5 RMB
**康,5.2 RMB
**宇,10 RMB
**宇,10 RMB
**浩,5 RMB
**建,6.66 RMB
*杰,30 RMB
**壮,9 RMB
**华,1 RMB
**怡,6.66 RMB
*祥,5 RMB
**远,30 RMB
*俊,30 RMB
**健,3.29 RMB
*磊,10 RMB
*崎,6.66 RMB
**铭,0.01 RMB
**轩,10 RMB
世界第一喵酱,15 RMB
ZINE,6.66 RMB
**胜,18 RMB
*斌,5 RMB
**生,10 RMB
粗心殿,30 RMB
*钰,1 RMB
**康,3 RMB
**东,1 RMB
**濠,1 RMB
**达,19.9 RMB
*杰,15 RMB
**炜,5 RMB
憨么子,6 RMB
**豪,5 RMB
幻雨之秋,3 RMB
**鸣,10 RMB
*庸,10 RMB
**鸿,100 RMB
**曙,10 RMB
**逸,100 RMB
*岩,50 RMB
*犇,20 RMB
**恺,20 RMB
姬雨寒,5 RMB
**旭,10 RMB
**四,0.88 RMB
**宇,20 RMB
*霖,3 RMB
**壮,6.66 RMB
**凡,6.66 RMB
**嘉,1 RMB
咸鱼,10 RMB
**晗,1 RMB
**勋,2.33 RMB
**晨,20 RMB
*胜,1 RMB
*聃,16.8 RMB
**策,5 RMB
xing_hai_L,19 RMB
*森,20 RMB
**华,7 RMB
**青,2 RMB
**开,1.66 RMB
**千,8.88 RMB
**来,6.66 RMB
**奕,10 RMB
**力,5 RMB
**瑜,6.66 RMB
**清,15 RMB
Yokaoff,30 RMB
**硕,5 RMB
**阳,6.66 RMB
**霖,6.66 RMB
寐魔狂三,4.88 RMB
*云Item,1 RMB
**健,10 RMB
**翔,1 RMB
紫焰,10 RMB
**宇,6 RMB
**峰,10 RMB
陈叔叔,6.66 RMB
**智,5 RMB
*博,10 RMB
*威,30 RMB
**义,5 RMB
**浩,20 RMB
**杰,10 RMB
*凯,30 RMB
CatLemon,10 RMB
某DD,6.66 RMB
**辉,8.88 RMB
**成,50 RMB
**博,1 RMB
*律,69 RMB
**宇,3 RMB
**韬,66 RMB
**锐,10 RMB
**翔,100 RMB
**钿,20 RMB
**凡,5 RMB
Senn,6.66 RMB
**龙,2 RMB
**航,1 RMB
**洪,5 RMB
**琰,51.4 RMB
**鸣,13 RMB
*晓,10 RMB
*淼,10 RMB
**宇,5 RMB
*英,1 RMB
**阳,6.66 RMB
**永,10 RMB
**毅,50 RMB
**泽,50 RMB
**杰,5 RMB
*帅,10 RMB
**远,100 RMB
dd,17 RMB
羽烷,5 RMB
**东,6.66 RMB
**卓,2.2 RMB
**君,5 RMB
C语言的saber,10 RMB
*飞,30 RMB
**鹤,1 RMB
**彬,18 RMB
**杰,25 RMB
**敏,10 RMB
**俊,10 RMB
**璇,5 RMB
HAKU,10 RMB
乄丶残雪,6.66 RMB
**萌,10 RMB
**博,6.66 RMB
*林,20 RMB
*翔,5 RMB
**海,10 RMB
**远,10 RMB
一心只爱疾风璃昂,10 RMB
**泽,100 RMB
**钊,2 RMB
**永,5 RMB
**馨,5 RMB
**祺,5 RMB
*涛,6.66 RMB
*潘,5 RMB
**昊,1 RMB
**铭,5 RMB
**晴,5 RMB
*城,6.66 RMB
*沛,10 RMB
**韫,5 RMB
**涛,2 RMB
*昊,8.99 RMB
**隆,1 RMB
*磊,66 RMB
**帆,13.88 RMB
**璞,3 RMB
*蓉,3 RMB
**昊,10 RMB
**渤,6.66 RMB
*勇,10 RMB
**汉,5 RMB
*帆,50 RMB
**宇,8.88 RMB
**勇,50 RMB
**豪,11.11 RMB
**坤,6 RMB
**阳,30 RMB
**铭,5 RMB
**龙Item,3 RMB
**易,10 RMB
**霖,66.6 RMB
**程,10 RMB
**升,18.88 RMB
*浩,30 RMB
*挺,30 RMB
**文,5.2 RMB
**华,10 RMB
**雄,2.33 RMB
